{"version":1,"buckets":200,"peaks":[0,0.015707317311820675,0.03141075907812829,0.04710645070964266,0.06279051952931337,0.07845909572784494,0.09410831331851431,0.10973431109104528,0.12533323356430426,0.14090123193758267,0.15643446504023087,0.17192910027940952,0.1873813145857246,0.2027872953565125,0.21814324139654256,0.2334453638559054,0.2486898871648548,0.2638730499653729,0.2789911060392293,0.29404032523230395,0.3090169943749474,0.32391741819814934,0.33873792024529137,0.35347484377925714,0.3681245526846779,0.3826834323650898,0.3971478906347806,0.4115143586051088,0.4257792915650727,0.4399391698559151,0.45399049973954675,0.4679298142605734,0.4817536741017153,0.4954586684324076,0.5090414157503713,0.5224985647159488,0.5358267949789967,0.5490228179981318,0.5620833778521306,0.5750052520432786,0.5877852522924731,0.6004202253258839,0.6129070536529764,0.6252426563357051,0.6374239897486896,0.6494480483301837,0.6613118653236518,0.6730125135097733,0.6845471059286886,0.6959127965923143,0.7071067811865475,0.7181262977631888,0.7289686274214116,0.7396310949786097,0.7501110696304596,0.760405965600031,0.7705132427757893,0.7804304073383297,0.7901550123756903,0.7996846584870905,0.8090169943749475,0.8181497174250234,0.8270805742745618,0.8358073613682702,0.8443279255020151,0.8526401643540922,0.8607420270039436,0.8686315144381913,0.8763066800438637,0.8837656300886934,0.8910065241883678,0.8980275757606155,0.9048270524660196,0.9114032766354452,0.9177546256839811,0.9238795325112867,0.9297764858882513,0.9354440308298673,0.9408807689542255,0.9460853588275453,0.9510565162951535,0.9557930147983301,0.960293685676943,0.9645574184577981,0.9685831611286311,0.9723699203976766,0.9759167619387473,0.9792228106217657,0.9822872507286886,0.9851093261547739,0.9876883405951378,0.9900236577165575,0.9921147013144779,0.9939609554551797,0.99556196460308,0.996917333733128,0.9980267284282716,0.99888987496197,0.9995065603657316,0.9998766324816606,1,0.9998766324816606,0.9995065603657316,0.99888987496197,0.9980267284282716,0.996917333733128,0.99556196460308,0.9939609554551797,0.9921147013144778,0.9900236577165575,0.9876883405951377,0.9851093261547739,0.9822872507286886,0.9792228106217659,0.9759167619387474,0.9723699203976767,0.9685831611286312,0.9645574184577982,0.9602936856769431,0.9557930147983302,0.9510565162951536,0.9460853588275454,0.9408807689542255,0.9354440308298674,0.9297764858882515,0.9238795325112867,0.9177546256839813,0.9114032766354453,0.9048270524660195,0.8980275757606156,0.8910065241883679,0.8837656300886935,0.8763066800438635,0.8686315144381912,0.8607420270039436,0.8526401643540923,0.844327925502015,0.8358073613682702,0.827080574274562,0.8181497174250237,0.8090169943749475,0.7996846584870906,0.7901550123756905,0.7804304073383299,0.7705132427757893,0.760405965600031,0.7501110696304596,0.7396310949786098,0.7289686274214114,0.7181262977631888,0.7071067811865476,0.6959127965923144,0.6845471059286888,0.6730125135097733,0.6613118653236518,0.6494480483301838,0.6374239897486899,0.6252426563357051,0.6129070536529764,0.600420225325884,0.5877852522924732,0.5750052520432783,0.5620833778521305,0.549022817998132,0.535826794978997,0.5224985647159489,0.5090414157503714,0.49545866843240777,0.4817536741017156,0.4679298142605734,0.45399049973954686,0.4399391698559153,0.4257792915650729,0.4115143586051087,0.3971478906347806,0.3826834323650899,0.36812455268467814,0.35347484377925736,0.3387379202452913,0.32391741819814945,0.3090169943749475,0.29404032523230417,0.2789911060392291,0.2638730499653728,0.24868988716485482,0.23344536385590553,0.21814324139654231,0.20278729535651233,0.18738131458572502,0.17192910027941002,0.15643446504023098,0.14090123193758286,0.12533323356430454,0.10973431109104564,0.09410831331851435,0.07845909572784507,0.06279051952931358,0.04710645070964296,0.031410759078128236,0.01570731731182071]}